{"cameraMode":{"drawMode":0,"name":"Shaded","section":"Shading Mode"},"sceneLighting":true,"audioPlay":false,"sceneViewState":{"m_AlwaysRefresh":false,"showFog":true,"showSkybox":true,"showFlares":true,"showImageEffects":true,"showParticleSystems":true,"showVisualEffectGraphs":true,"m_FxEnabled":false},"in2DMode":false,"pivot":{"x":2.8221681118011476,"y":0.9738800525665283,"z":5.535619735717773},"rotation":{"x":0.06474500149488449,"y":-0.4347373843193054,"z":0.031355325132608417,"w":0.8976815938949585},"size":1.87479829788208,"orthographic":true}